,País,Ano,Quantidade Importada(Kg),Valor Importado(US$),Valor por litro importado(US$),Quantidade Exportada(Kg),Valor Exportado(US$),Valor por litro exportado(US$)
0,Argentina,2007,15621172.0,36160548.0,2.31,0,0,0.0
1,Austrália,2007,363611.0,1583361.0,4.35,60,281,4.68
2,Áustria,2007,1688.0,35247.0,20.88,0,0,0.0
3,Bélgica,2007,0.0,0.0,0.0,1077,3751,3.48
4,Bolívia,2007,540.0,1348.0,2.5,4985,3550,0.71
5,Bósnia-Herzegovina,2007,0.0,0.0,0.0,0,0,0.0
6,Brasil,2007,3513.0,19633.0,5.59,0,0,0.0
7,Bulgária,2007,0.0,0.0,0.0,0,0,0.0
8,Chile,2007,18845522.0,47680946.0,2.53,60930,67353,1.11
9,China,2007,459.0,4235.0,9.23,7638,30390,3.98
10,Croácia,2007,0.0,0.0,0.0,0,0,0.0
11,Espanha,2007,862045.0,4506858.0,5.23,0,0,0.0
12,Estados Unidos,2007,79376.0,334204.0,4.21,479269,810038,1.69
13,França,2007,2737947.0,14721769.0,5.38,6349,11231,1.77
14,Grécia,2007,18110.0,137867.0,7.61,0,0,0.0
15,Hong Kong,2007,0.0,0.0,0.0,0,0,0.0
16,Hungria,2007,14600.0,82552.0,5.65,0,0,0.0
17,Irlanda,2007,0.0,0.0,0.0,0,0,0.0
18,Itália,2007,9177932.0,22023175.0,2.4,7209,19860,2.75
19,Japão,2007,0.0,0.0,0.0,357943,316867,0.89
20,Líbano,2007,6768.0,25265.0,3.73,0,0,0.0
21,Luxemburgo,2007,0.0,0.0,0.0,785,2033,2.59
22,México,2007,0.0,0.0,0.0,2453,15425,6.29
23,Montenegro,2007,0.0,0.0,0.0,0,0,0.0
24,Noruega,2007,0.0,0.0,0.0,10044,10044,1.0
25,Nova Zelândia,2007,47220.0,417276.0,8.84,0,0,0.0
26,Panamá,2007,0.0,0.0,0.0,810,1030,1.27
27,Peru,2007,0.0,0.0,0.0,0,0,0.0
28,Porto Rico,2007,15658.0,14781.0,0.94,0,0,0.0
29,Portugal,2007,6805601.0,23945522.0,3.52,109074,165282,1.52
30,Reino Unido,2007,7056.0,67728.0,9.6,84613,144244,1.7
31,Rússia,2007,0.0,0.0,0.0,266400,173160,0.65
32,Suíça,2007,0.0,0.0,0.0,26090,70716,2.71
33,"Tcheca, República",2007,0.0,0.0,0.0,85303,189620,2.22
34,Tunísia,2007,0.0,0.0,0.0,0,0,0.0
35,Turquia,2007,0.0,0.0,0.0,0,0,0.0
36,Uruguai,2007,2387225.0,3131899.0,1.31,0,0,0.0
37,Argentina,2008,14417761.0,37382581.0,2.59,0,0,0.0
38,Austrália,2008,215135.0,1248671.0,5.8,218726,99280,0.45
39,Áustria,2008,11388.0,73348.0,6.44,0,0,0.0
40,Bélgica,2008,0.0,0.0,0.0,3523,12969,3.68
41,Bolívia,2008,0.0,0.0,0.0,3979,3990,1.0
42,Bósnia-Herzegovina,2008,0.0,0.0,0.0,0,0,0.0
43,Brasil,2008,309.0,1769.0,5.72,0,0,0.0
44,Bulgária,2008,0.0,0.0,0.0,0,0,0.0
45,Chile,2008,18662626.0,50748373.0,2.72,0,0,0.0
46,China,2008,6858.0,32738.0,4.77,8689,25926,2.98
47,Croácia,2008,0.0,0.0,0.0,0,0,0.0
48,Espanha,2008,990697.0,6036397.0,6.09,2942,6834,2.32
49,Estados Unidos,2008,65956.0,542331.0,8.22,443895,804607,1.81
50,França,2008,2466277.0,16275708.0,6.6,11078,27500,2.48
51,Grécia,2008,11034.0,78819.0,7.14,0,0,0.0
52,Hong Kong,2008,0.0,0.0,0.0,2430,13460,5.54
53,Hungria,2008,15981.0,90021.0,5.63,0,0,0.0
54,Irlanda,2008,0.0,0.0,0.0,0,0,0.0
55,Itália,2008,9723292.0,24378627.0,2.51,0,0,0.0
56,Japão,2008,0.0,0.0,0.0,232293,178333,0.77
57,Líbano,2008,10270.0,47054.0,4.58,0,0,0.0
58,Luxemburgo,2008,0.0,0.0,0.0,13606,42341,3.11
59,México,2008,0.0,0.0,0.0,0,0,0.0
60,Montenegro,2008,0.0,0.0,0.0,0,0,0.0
61,Noruega,2008,0.0,0.0,0.0,0,0,0.0
62,Nova Zelândia,2008,58408.0,536625.0,9.19,0,0,0.0
63,Panamá,2008,0.0,0.0,0.0,1161,1882,1.62
64,Peru,2008,0.0,0.0,0.0,0,0,0.0
65,Porto Rico,2008,0.0,0.0,0.0,0,0,0.0
66,Portugal,2008,6213781.0,23826443.0,3.83,49090,48942,1.0
67,Reino Unido,2008,315.0,10257.0,32.56,100097,155076,1.55
68,Rússia,2008,0.0,0.0,0.0,6207658,2352768,0.38
69,Suíça,2008,1194.0,5359.0,4.49,54384,216317,3.98
70,"Tcheca, República",2008,0.0,0.0,0.0,17135,64709,3.78
71,Tunísia,2008,0.0,0.0,0.0,0,0,0.0
72,Turquia,2008,0.0,0.0,0.0,0,0,0.0
73,Uruguai,2008,920389.0,2089539.0,2.27,0,0,0.0
74,Argentina,2009,13902750.0,38521731.0,2.77,162,4523,27.92
75,Austrália,2009,270908.0,998680.0,3.69,1014,9195,9.07
76,Áustria,2009,1895.0,12073.0,6.37,0,0,0.0
77,Bélgica,2009,0.0,0.0,0.0,125962,58764,0.47
78,Bolívia,2009,0.0,0.0,0.0,40463,20729,0.51
79,Bósnia-Herzegovina,2009,0.0,0.0,0.0,0,0,0.0
80,Brasil,2009,0.0,0.0,0.0,0,0,0.0
81,Bulgária,2009,0.0,0.0,0.0,0,0,0.0
82,Chile,2009,22476643.0,61380795.0,2.73,1475,4297,2.91
83,China,2009,0.0,0.0,0.0,1553416,482400,0.31
84,Croácia,2009,0.0,0.0,0.0,0,0,0.0
85,Espanha,2009,1119540.0,6224187.0,5.56,2181,4050,1.86
86,Estados Unidos,2009,85393.0,702825.0,8.23,372319,660066,1.77
87,França,2009,2372448.0,16893114.0,7.12,0,0,0.0
88,Grécia,2009,52474.0,190076.0,3.62,0,0,0.0
89,Hong Kong,2009,0.0,0.0,0.0,50319,27188,0.54
90,Hungria,2009,12632.0,87626.0,6.94,0,0,0.0
91,Irlanda,2009,0.0,0.0,0.0,0,0,0.0
92,Itália,2009,8387908.0,23079424.0,2.75,1817,5251,2.89
93,Japão,2009,0.0,0.0,0.0,217974,283436,1.3
94,Líbano,2009,5310.0,34971.0,6.59,0,0,0.0
95,Luxemburgo,2009,0.0,0.0,0.0,7845,42124,5.37
96,México,2009,0.0,0.0,0.0,0,0,0.0
97,Montenegro,2009,0.0,0.0,0.0,0,0,0.0
98,Noruega,2009,0.0,0.0,0.0,0,0,0.0
99,Nova Zelândia,2009,30806.0,302244.0,9.81,0,0,0.0
100,Panamá,2009,0.0,0.0,0.0,24,30,1.25
101,Peru,2009,0.0,0.0,0.0,0,0,0.0
102,Porto Rico,2009,0.0,0.0,0.0,0,0,0.0
103,Portugal,2009,5884719.0,23688318.0,4.03,141000,168923,1.2
104,Reino Unido,2009,10236.0,53375.0,5.21,30092,68788,2.29
105,Rússia,2009,0.0,0.0,0.0,21912914,5732280,0.26
106,Suíça,2009,4860.0,13129.0,2.7,27653,81319,2.94
107,"Tcheca, República",2009,0.0,0.0,0.0,9269,43902,4.74
108,Tunísia,2009,0.0,0.0,0.0,0,0,0.0
109,Turquia,2009,0.0,0.0,0.0,0,0,0.0
110,Uruguai,2009,750343.0,1953390.0,2.6,0,0,0.0
111,Argentina,2010,16965266.0,52126581.0,3.07,0,0,0.0
112,Austrália,2010,405271.0,1864846.0,4.6,1823,17960,9.85
113,Áustria,2010,2329.0,30075.0,12.91,0,0,0.0
114,Bélgica,2010,0.0,0.0,0.0,42532,185411,4.36
115,Bolívia,2010,0.0,0.0,0.0,54,282,5.22
116,Bósnia-Herzegovina,2010,0.0,0.0,0.0,0,0,0.0
117,Brasil,2010,7.0,232.0,33.14,0,0,0.0
118,Bulgária,2010,20997.0,94727.0,4.51,0,0,0.0
119,Chile,2010,26434744.0,72983389.0,2.76,0,0,0.0
120,China,2010,0.0,0.0,0.0,795,2358,2.97
121,Croácia,2010,0.0,0.0,0.0,0,0,0.0
122,Espanha,2010,1622100.0,8698824.0,5.36,0,0,0.0
123,Estados Unidos,2010,194774.0,1344921.0,6.91,228968,478630,2.09
124,França,2010,2799118.0,18778566.0,6.71,3614,18904,5.23
125,Grécia,2010,42449.0,196361.0,4.63,0,0,0.0
126,Hong Kong,2010,0.0,0.0,0.0,0,0,0.0
127,Hungria,2010,15193.0,160961.0,10.59,540,4103,7.6
128,Irlanda,2010,0.0,0.0,0.0,3969,42795,10.78
129,Itália,2010,11911190.0,28683242.0,2.41,1458,4828,3.31
130,Japão,2010,0.0,0.0,0.0,112178,74628,0.67
131,Líbano,2010,15741.0,123283.0,7.83,0,0,0.0
132,Luxemburgo,2010,0.0,0.0,0.0,7344,32549,4.43
133,México,2010,7004.0,63663.0,9.09,0,0,0.0
134,Montenegro,2010,0.0,0.0,0.0,0,0,0.0
135,Noruega,2010,0.0,0.0,0.0,0,0,0.0
136,Nova Zelândia,2010,102683.0,947043.0,9.22,0,0,0.0
137,Panamá,2010,0.0,0.0,0.0,0,0,0.0
138,Peru,2010,33.0,252.0,7.64,0,0,0.0
139,Porto Rico,2010,0.0,0.0,0.0,0,0,0.0
140,Portugal,2010,7801759.0,29299792.0,3.76,4577,18970,4.14
141,Reino Unido,2010,621.0,22292.0,35.9,123624,295690,2.39
142,Rússia,2010,0.0,0.0,0.0,0,0,0.0
143,Suíça,2010,2483.0,8010.0,3.23,2025,21600,10.67
144,"Tcheca, República",2010,0.0,0.0,0.0,1091,5285,4.84
145,Tunísia,2010,0.0,0.0,0.0,0,0,0.0
146,Turquia,2010,0.0,0.0,0.0,0,0,0.0
147,Uruguai,2010,1219387.0,3175051.0,2.6,914,2929,3.2
148,Argentina,2011,16673491.0,58806736.0,3.53,13253,55460,4.18
149,Austrália,2011,824440.0,2811273.0,3.41,3632,40704,11.21
150,Áustria,2011,6357.0,56227.0,8.84,0,0,0.0
151,Bélgica,2011,0.0,0.0,0.0,11802,62339,5.28
152,Bolívia,2011,0.0,0.0,0.0,12775,20215,1.58
153,Bósnia-Herzegovina,2011,0.0,0.0,0.0,0,0,0.0
154,Brasil,2011,93.0,1164.0,12.52,0,0,0.0
155,Bulgária,2011,1097.0,2527.0,2.3,0,0,0.0
156,Chile,2011,26642889.0,84952500.0,3.19,0,0,0.0
157,China,2011,0.0,0.0,0.0,54156,334867,6.18
158,Croácia,2011,450.0,12388.0,27.53,0,0,0.0
159,Espanha,2011,1999970.0,11175636.0,5.59,5206,24618,4.73
160,Estados Unidos,2011,369806.0,1756901.0,4.75,306787,1030254,3.36
161,França,2011,3329437.0,22917012.0,6.88,0,0,0.0
162,Grécia,2011,82207.0,414329.0,5.04,0,0,0.0
163,Hong Kong,2011,0.0,0.0,0.0,2063,7975,3.87
164,Hungria,2011,15073.0,256240.0,17.0,0,0,0.0
165,Irlanda,2011,0.0,0.0,0.0,5376,35690,6.64
166,Itália,2011,12025827.0,35481781.0,2.95,11999,80298,6.69
167,Japão,2011,0.0,0.0,0.0,100835,144662,1.43
168,Líbano,2011,17685.0,137954.0,7.8,0,0,0.0
169,Luxemburgo,2011,0.0,0.0,0.0,9547,65592,6.87
170,México,2011,0.0,0.0,0.0,1350,7200,5.33
171,Montenegro,2011,0.0,0.0,0.0,0,0,0.0
172,Noruega,2011,0.0,0.0,0.0,10268,78688,7.66
173,Nova Zelândia,2011,151194.0,1267863.0,8.39,2587,7992,3.09
174,Panamá,2011,0.0,0.0,0.0,0,0,0.0
175,Peru,2011,0.0,0.0,0.0,0,0,0.0
176,Porto Rico,2011,0.0,0.0,0.0,0,0,0.0
177,Portugal,2011,8556375.0,35247223.0,4.12,95,1031,10.85
178,Reino Unido,2011,270.0,6021.0,22.3,122629,285642,2.33
179,Rússia,2011,0.0,0.0,0.0,0,0,0.0
180,Suíça,2011,0.0,0.0,0.0,0,0,0.0
181,"Tcheca, República",2011,0.0,0.0,0.0,6846,37271,5.44
182,Tunísia,2011,16420.0,37492.0,2.28,0,0,0.0
183,Turquia,2011,0.0,0.0,0.0,0,0,0.0
184,Uruguai,2011,1264306.0,3481552.0,2.75,1238,4404,3.56
185,Argentina,2012,14613839.0,55633562.0,3.81,0,0,0.0
186,Austrália,2012,615334.0,2474783.0,4.02,9345,56045,6.0
187,Áustria,2012,8098.0,85116.0,10.51,0,0,0.0
188,Bélgica,2012,0.0,0.0,0.0,16132,90718,5.62
189,Bolívia,2012,0.0,0.0,0.0,11868,16804,1.42
190,Bósnia-Herzegovina,2012,0.0,0.0,0.0,0,0,0.0
191,Brasil,2012,1051.0,15016.0,14.29,0,0,0.0
192,Bulgária,2012,0.0,0.0,0.0,0,0,0.0
193,Chile,2012,30258795.0,93315735.0,3.08,8550,15438,1.81
194,China,2012,0.0,0.0,0.0,87905,642177,7.31
195,Croácia,2012,630.0,16571.0,26.3,0,0,0.0
196,Espanha,2012,2540209.0,11724946.0,4.62,0,0,0.0
197,Estados Unidos,2012,379329.0,1995929.0,5.26,146585,303986,2.07
198,França,2012,3181440.0,21636175.0,6.8,195604,185791,0.95
199,Grécia,2012,68966.0,323206.0,4.69,0,0,0.0
200,Hong Kong,2012,0.0,0.0,0.0,1609,7653,4.76
201,Hungria,2012,10404.0,168862.0,16.23,0,0,0.0
202,Irlanda,2012,0.0,0.0,0.0,0,0,0.0
203,Itália,2012,10506144.0,30750897.0,2.93,792,5622,7.1
204,Japão,2012,0.0,0.0,0.0,29281,116961,3.99
205,Líbano,2012,5805.0,47826.0,8.24,0,0,0.0
206,Luxemburgo,2012,0.0,0.0,0.0,2444,16547,6.77
207,México,2012,0.0,0.0,0.0,0,0,0.0
208,Montenegro,2012,0.0,0.0,0.0,0,0,0.0
209,Noruega,2012,0.0,0.0,0.0,5104,31515,6.17
210,Nova Zelândia,2012,81611.0,790355.0,9.68,2364,8817,3.73
211,Panamá,2012,0.0,0.0,0.0,39,2262,58.0
212,Peru,2012,0.0,0.0,0.0,0,0,0.0
213,Porto Rico,2012,0.0,0.0,0.0,0,0,0.0
214,Portugal,2012,9714940.0,36190898.0,3.73,47172,47022,1.0
215,Reino Unido,2012,406.0,26466.0,65.19,82937,334856,4.04
216,Rússia,2012,0.0,0.0,0.0,4528176,2103968,0.46
217,Suíça,2012,0.0,0.0,0.0,4014,47240,11.77
218,"Tcheca, República",2012,0.0,0.0,0.0,7960,27789,3.49
219,Tunísia,2012,19913.0,42918.0,2.16,0,0,0.0
220,Turquia,2012,0.0,0.0,0.0,0,0,0.0
221,Uruguai,2012,1323884.0,3735892.0,2.82,1135,3879,3.42
222,Argentina,2013,12732815.0,49524694.0,3.89,0,0,0.0
223,Austrália,2013,553190.0,1703815.0,3.08,16707,101715,6.09
224,Áustria,2013,56849.0,227204.0,4.0,0,0,0.0
225,Bélgica,2013,0.0,0.0,0.0,22461,95893,4.27
226,Bolívia,2013,0.0,0.0,0.0,19147,25998,1.36
227,Bósnia-Herzegovina,2013,0.0,0.0,0.0,0,0,0.0
228,Brasil,2013,473.0,5747.0,12.15,0,0,0.0
229,Bulgária,2013,5947.0,21988.0,3.7,0,0,0.0
230,Chile,2013,28288212.0,90281256.0,3.19,0,0,0.0
231,China,2013,0.0,0.0,0.0,40929,279956,6.84
232,Croácia,2013,0.0,0.0,0.0,0,0,0.0
233,Espanha,2013,2772104.0,13570874.0,4.9,1972980,3748940,1.9
234,Estados Unidos,2013,518888.0,2817086.0,5.43,245368,786556,3.21
235,França,2013,3265362.0,23336291.0,7.15,6885,42256,6.14
236,Grécia,2013,13241.0,71175.0,5.38,0,0,0.0
237,Hong Kong,2013,0.0,0.0,0.0,16013,61224,3.82
238,Hungria,2013,10911.0,140198.0,12.85,0,0,0.0
239,Irlanda,2013,0.0,0.0,0.0,0,0,0.0
240,Itália,2013,8308831.0,30799292.0,3.71,1710,11967,7.0
241,Japão,2013,0.0,0.0,0.0,91988,429088,4.66
242,Líbano,2013,6588.0,75810.0,11.51,0,0,0.0
243,Luxemburgo,2013,0.0,0.0,0.0,5135,29474,5.74
244,México,2013,0.0,0.0,0.0,0,0,0.0
245,Montenegro,2013,0.0,0.0,0.0,0,0,0.0
246,Noruega,2013,0.0,0.0,0.0,2375,19008,8.0
247,Nova Zelândia,2013,90728.0,840521.0,9.26,1004,4092,4.08
248,Panamá,2013,0.0,0.0,0.0,0,0,0.0
249,Peru,2013,0.0,0.0,0.0,0,0,0.0
250,Porto Rico,2013,0.0,0.0,0.0,0,0,0.0
251,Portugal,2013,9299080.0,35729522.0,3.84,23810,17627,0.74
252,Reino Unido,2013,127.0,2789.0,21.96,59161,305005,5.16
253,Rússia,2013,0.0,0.0,0.0,5893291,14795694,2.51
254,Suíça,2013,0.0,0.0,0.0,2997,29785,9.94
255,"Tcheca, República",2013,0.0,0.0,0.0,3697,23549,6.37
256,Tunísia,2013,8000.0,20892.0,2.61,0,0,0.0
257,Turquia,2013,0.0,0.0,0.0,0,0,0.0
258,Uruguai,2013,1372329.0,3740613.0,2.73,1526,13343,8.74
259,Argentina,2014,13437321.0,53815956.0,4.0,20385,95130,4.67
260,Austrália,2014,236742.0,1008851.0,4.26,6308,43709,6.93
261,Áustria,2014,2770.0,32116.0,11.59,0,0,0.0
262,Bélgica,2014,0.0,0.0,0.0,151320,704093,4.65
263,Bolívia,2014,0.0,0.0,0.0,12534,18303,1.46
264,Bósnia-Herzegovina,2014,0.0,0.0,0.0,0,0,0.0
265,Brasil,2014,449.0,6011.0,13.39,0,0,0.0
266,Bulgária,2014,15019.0,46857.0,3.12,0,0,0.0
267,Chile,2014,35479279.0,113375484.0,3.2,0,0,0.0
268,China,2014,0.0,0.0,0.0,64040,455340,7.11
269,Croácia,2014,0.0,0.0,0.0,0,0,0.0
270,Espanha,2014,2760797.0,12797753.0,4.64,0,0,0.0
271,Estados Unidos,2014,788773.0,4171731.0,5.29,222267,494216,2.22
272,França,2014,3592782.0,27480375.0,7.65,33755,167807,4.97
273,Grécia,2014,24244.0,107195.0,4.42,0,0,0.0
274,Hong Kong,2014,0.0,0.0,0.0,18130,63534,3.5
275,Hungria,2014,18733.0,114610.0,6.12,0,0,0.0
276,Irlanda,2014,0.0,0.0,0.0,0,0,0.0
277,Itália,2014,8566756.0,31697736.0,3.7,604,2492,4.13
278,Japão,2014,0.0,0.0,0.0,106426,401774,3.78
279,Líbano,2014,47610.0,270145.0,5.67,0,0,0.0
280,Luxemburgo,2014,0.0,0.0,0.0,8281,52400,6.33
281,México,2014,0.0,0.0,0.0,1521,24336,16.0
282,Montenegro,2014,0.0,0.0,0.0,0,0,0.0
283,Noruega,2014,0.0,0.0,0.0,7179,50464,7.03
284,Nova Zelândia,2014,106251.0,843533.0,7.94,2800,13675,4.88
285,Panamá,2014,0.0,0.0,0.0,0,0,0.0
286,Peru,2014,3201.0,7906.0,2.47,0,0,0.0
287,Porto Rico,2014,0.0,0.0,0.0,0,0,0.0
288,Portugal,2014,9735153.0,37071142.0,3.81,71544,79141,1.11
289,Reino Unido,2014,315.0,9410.0,29.87,305807,1373747,4.49
290,Rússia,2014,0.0,0.0,0.0,190656,61440,0.32
291,Suíça,2014,0.0,0.0,0.0,27933,231762,8.3
292,"Tcheca, República",2014,0.0,0.0,0.0,4500,35005,7.78
293,Tunísia,2014,0.0,0.0,0.0,0,0,0.0
294,Turquia,2014,0.0,0.0,0.0,0,0,0.0
295,Uruguai,2014,1237537.0,3782282.0,3.06,0,0,0.0
296,Argentina,2015,12465041.0,48043201.0,3.85,0,0,0.0
297,Austrália,2015,395030.0,1261810.0,3.19,7437,48011,6.46
298,Áustria,2015,360.0,3891.0,10.81,0,0,0.0
299,Bélgica,2015,0.0,0.0,0.0,4473,26399,5.9
300,Bolívia,2015,0.0,0.0,0.0,10674,12990,1.22
301,Bósnia-Herzegovina,2015,0.0,0.0,0.0,0,0,0.0
302,Brasil,2015,1359.0,12919.0,9.51,0,0,0.0
303,Bulgária,2015,17244.0,51678.0,3.0,0,0,0.0
304,Chile,2015,36686870.0,107684380.0,2.94,0,0,0.0
305,China,2015,0.0,0.0,0.0,47609,222866,4.68
306,Croácia,2015,2069.0,3779.0,1.83,0,0,0.0
307,Espanha,2015,3024533.0,11396855.0,3.77,0,0,0.0
308,Estados Unidos,2015,775131.0,3848755.0,4.97,195896,524109,2.68
309,França,2015,3617130.0,19353291.0,5.35,1596,4749,2.98
310,Grécia,2015,55680.0,190185.0,3.42,0,0,0.0
311,Hong Kong,2015,0.0,0.0,0.0,1229,7837,6.38
312,Hungria,2015,5117.0,74688.0,14.6,0,0,0.0
313,Irlanda,2015,0.0,0.0,0.0,0,0,0.0
314,Itália,2015,8261383.0,25846195.0,3.13,0,0,0.0
315,Japão,2015,0.0,0.0,0.0,31597,87853,2.78
316,Líbano,2015,6480.0,56196.0,8.67,0,0,0.0
317,Luxemburgo,2015,0.0,0.0,0.0,2295,17358,7.56
318,México,2015,0.0,0.0,0.0,0,0,0.0
319,Montenegro,2015,0.0,0.0,0.0,0,0,0.0
320,Noruega,2015,0.0,0.0,0.0,1058,6021,5.69
321,Nova Zelândia,2015,117340.0,950751.0,8.1,809,3476,4.3
322,Panamá,2015,0.0,0.0,0.0,0,0,0.0
323,Peru,2015,0.0,0.0,0.0,0,0,0.0
324,Porto Rico,2015,0.0,0.0,0.0,0,0,0.0
325,Portugal,2015,9952290.0,32547365.0,3.27,47736,42586,0.89
326,Reino Unido,2015,90.0,1352.0,15.02,68382,308407,4.51
327,Rússia,2015,0.0,0.0,0.0,47664,18240,0.38
328,Suíça,2015,1125.0,6284.0,5.59,15872,85790,5.41
329,"Tcheca, República",2015,0.0,0.0,0.0,2297,15304,6.66
330,Tunísia,2015,0.0,0.0,0.0,0,0,0.0
331,Turquia,2015,32247.0,109741.0,3.4,0,0,0.0
332,Uruguai,2015,1399547.0,4069100.0,2.91,0,0,0.0
333,Argentina,2016,14098009.0,45214862.0,3.21,0,0,0.0
334,Austrália,2016,498515.0,1537834.0,3.08,1954,13799,7.06
335,Áustria,2016,1485.0,7551.0,5.08,675,5220,7.73
336,Bélgica,2016,7.0,1090.0,155.71,7200,46534,6.46
337,Bolívia,2016,0.0,0.0,0.0,13586,16902,1.24
338,Bósnia-Herzegovina,2016,0.0,0.0,0.0,0,0,0.0
339,Brasil,2016,183.0,2127.0,11.62,0,0,0.0
340,Bulgária,2016,17777.0,55253.0,3.11,0,0,0.0
341,Chile,2016,43400991.0,123183079.0,2.84,0,0,0.0
342,China,2016,108.0,213.0,1.97,134106,499622,3.73
343,Croácia,2016,0.0,0.0,0.0,0,0,0.0
344,Espanha,2016,3948614.0,12221512.0,3.1,0,0,0.0
345,Estados Unidos,2016,725420.0,2924715.0,4.03,258072,687411,2.66
346,França,2016,3831566.0,15940341.0,4.16,6037,30055,4.98
347,Grécia,2016,6568.0,18637.0,2.84,0,0,0.0
348,Hong Kong,2016,0.0,0.0,0.0,6975,86199,12.36
349,Hungria,2016,8315.0,58756.0,7.07,0,0,0.0
350,Irlanda,2016,0.0,43.0,inf,0,0,0.0
351,Itália,2016,7936409.0,22216811.0,2.8,585,3465,5.92
352,Japão,2016,0.0,0.0,0.0,34341,90954,2.65
353,Líbano,2016,10665.0,71374.0,6.69,0,0,0.0
354,Luxemburgo,2016,0.0,43.0,inf,2759,21426,7.77
355,México,2016,0.0,0.0,0.0,0,0,0.0
356,Montenegro,2016,0.0,0.0,0.0,0,0,0.0
357,Noruega,2016,396.0,253.0,0.64,0,0,0.0
358,Nova Zelândia,2016,50177.0,361030.0,7.2,504,9472,18.79
359,Panamá,2016,0.0,0.0,0.0,0,0,0.0
360,Peru,2016,0.0,0.0,0.0,0,0,0.0
361,Porto Rico,2016,0.0,0.0,0.0,0,0,0.0
362,Portugal,2016,10821232.0,29495190.0,2.73,0,0,0.0
363,Reino Unido,2016,5.0,255.0,51.0,117044,536681,4.59
364,Rússia,2016,0.0,43.0,inf,0,0,0.0
365,Suíça,2016,6.0,245.0,40.83,4230,33340,7.88
366,"Tcheca, República",2016,0.0,0.0,0.0,3837,28473,7.42
367,Tunísia,2016,0.0,0.0,0.0,0,0,0.0
368,Turquia,2016,0.0,0.0,0.0,0,0,0.0
369,Uruguai,2016,2215692.0,5099162.0,2.3,0,0,0.0
370,Argentina,2017,15461740.0,51770842.0,3.35,0,0,0.0
371,Austrália,2017,354641.0,1246545.0,3.51,1350,7500,5.56
372,Áustria,2017,2655.0,24629.0,9.28,0,0,0.0
373,Bélgica,2017,4376.0,45221.0,10.33,2790,16405,5.88
374,Bolívia,2017,0.0,0.0,0.0,9495,23085,2.43
375,Bósnia-Herzegovina,2017,0.0,0.0,0.0,0,0,0.0
376,Brasil,2017,845617.0,260135.0,0.31,0,0,0.0
377,Bulgária,2017,35284.0,68234.0,1.93,117,1579,13.5
378,Chile,2017,51787643.0,145628860.0,2.81,0,0,0.0
379,China,2017,1000.0,613.0,0.61,67594,266086,3.94
380,Croácia,2017,0.0,0.0,0.0,0,0,0.0
381,Espanha,2017,7240535.0,19834451.0,2.74,0,0,0.0
382,Estados Unidos,2017,1372347.0,4110641.0,3.0,132688,1523699,11.48
383,França,2017,5921728.0,25280255.0,4.27,4253,21654,5.09
384,Grécia,2017,40775.0,139486.0,3.42,0,0,0.0
385,Hong Kong,2017,0.0,0.0,0.0,1934,8180,4.23
386,Hungria,2017,23813.0,168353.0,7.07,0,0,0.0
387,Irlanda,2017,0.0,0.0,0.0,0,0,0.0
388,Itália,2017,11538990.0,33707111.0,2.92,468,2248,4.8
389,Japão,2017,0.0,0.0,0.0,33909,92886,2.74
390,Líbano,2017,12737.0,93480.0,7.34,0,0,0.0
391,Luxemburgo,2017,0.0,0.0,0.0,2719,21947,8.07
392,México,2017,0.0,0.0,0.0,664,2292,3.45
393,Montenegro,2017,0.0,0.0,0.0,0,0,0.0
394,Noruega,2017,5.0,27.0,5.4,0,0,0.0
395,Nova Zelândia,2017,31379.0,248412.0,7.92,1678,8140,4.85
396,Panamá,2017,0.0,0.0,0.0,0,0,0.0
397,Peru,2017,0.0,0.0,0.0,0,0,0.0
398,Porto Rico,2017,0.0,0.0,0.0,0,0,0.0
399,Portugal,2017,17345709.0,45032247.0,2.6,0,0,0.0
400,Reino Unido,2017,16.0,1033.0,64.56,60711,242883,4.0
401,Rússia,2017,0.0,0.0,0.0,0,0,0.0
402,Suíça,2017,138.0,2873.0,20.82,6525,74816,11.47
403,"Tcheca, República",2017,0.0,0.0,0.0,2746,16947,6.17
404,Tunísia,2017,0.0,0.0,0.0,0,0,0.0
405,Turquia,2017,0.0,0.0,0.0,0,0,0.0
406,Uruguai,2017,5009098.0,7751966.0,1.55,0,0,0.0
407,Argentina,2018,15221318.0,52817642.0,3.47,15711,59150,3.76
408,Austrália,2018,3518.0,21664.0,6.16,2055,6902,3.36
409,Áustria,2018,513995.0,1567866.0,3.05,0,0,0.0
410,Bélgica,2018,163.0,1201.0,7.37,7497,52799,7.04
411,Bolívia,2018,0.0,0.0,0.0,21566,57424,2.66
412,Bósnia-Herzegovina,2018,0.0,0.0,0.0,0,0,0.0
413,Brasil,2018,18040.0,121806.0,6.75,0,0,0.0
414,Bulgária,2018,16166.0,17550.0,1.09,0,0,0.0
415,Chile,2018,51104825.0,144731210.0,2.83,11049,42832,3.88
416,China,2018,5.0,472.0,94.4,30835,126336,4.1
417,Croácia,2018,0.0,0.0,0.0,0,0,0.0
418,Espanha,2018,5595268.0,19353631.0,3.46,6123,22631,3.7
419,Estados Unidos,2018,548655.0,2584781.0,4.71,169109,512519,3.03
420,França,2018,4653789.0,22688105.0,4.88,11077,48677,4.39
421,Grécia,2018,41601.0,135185.0,3.25,232,730,3.15
422,Hong Kong,2018,0.0,0.0,0.0,1742,9029,5.18
423,Hungria,2018,23742.0,113405.0,4.78,0,0,0.0
424,Irlanda,2018,107.0,954.0,8.92,7560,25767,3.41
425,Itália,2018,10154564.0,34857594.0,3.43,3661,13260,3.62
426,Japão,2018,0.0,0.0,0.0,36992,112342,3.04
427,Líbano,2018,19742.0,150044.0,7.6,0,0,0.0
428,Luxemburgo,2018,5.0,42.0,8.4,1778,11053,6.22
429,México,2018,134.0,804.0,6.0,2748,9744,3.55
430,Montenegro,2018,0.0,0.0,0.0,0,0,0.0
431,Noruega,2018,0.0,0.0,0.0,1295,9847,7.6
432,Nova Zelândia,2018,130854.0,686193.0,5.24,969,5565,5.74
433,Panamá,2018,0.0,0.0,0.0,1183,3117,2.63
434,Peru,2018,77.0,653.0,8.48,5193,19372,3.73
435,Porto Rico,2018,47.0,404.0,8.6,0,0,0.0
436,Portugal,2018,17698831.0,53237413.0,3.01,0,0,0.0
437,Reino Unido,2018,4126.0,51034.0,12.37,67708,296827,4.38
438,Rússia,2018,17483.0,66160.0,3.78,0,0,0.0
439,Suíça,2018,559.0,7647.0,13.68,0,0,0.0
440,"Tcheca, República",2018,0.0,0.0,0.0,2712,20980,7.74
441,Tunísia,2018,0.0,0.0,0.0,0,0,0.0
442,Turquia,2018,1591.0,1245.0,0.78,360,150,0.42
443,Uruguai,2018,2836574.0,8467846.0,2.99,7711,29617,3.84
444,Argentina,2019,16548931.0,54527380.0,3.29,0,0,0.0
445,Austrália,2019,16292.0,1214643.0,74.55,1161,4682,4.03
446,Áustria,2019,348289.0,128379.0,0.37,0,0,0.0
447,Bélgica,2019,7.0,30.0,4.29,2498,12548,5.02
448,Bolívia,2019,0.0,0.0,0.0,0,0,0.0
449,Bósnia-Herzegovina,2019,0.0,0.0,0.0,0,0,0.0
450,Brasil,2019,29295.0,246008.0,8.4,0,0,0.0
451,Bulgária,2019,10944.0,9915.0,0.91,0,0,0.0
452,Chile,2019,52697108.0,145471294.0,2.76,0,0,0.0
453,China,2019,317.0,2458.0,7.75,129852,376828,2.9
454,Croácia,2019,450.0,2900.0,6.44,0,0,0.0
455,Espanha,2019,5797980.0,17111436.0,2.95,3540,1353,0.38
456,Estados Unidos,2019,534870.0,2400830.0,4.49,209765,616274,2.94
457,França,2019,5324383.0,24299524.0,4.56,18286,67072,3.67
458,Grécia,2019,21251.0,70881.0,3.34,561,1994,3.55
459,Hong Kong,2019,0.0,0.0,0.0,9651,42020,4.35
460,Hungria,2019,34591.0,146500.0,4.24,0,0,0.0
461,Irlanda,2019,179.0,1705.0,9.53,0,0,0.0
462,Itália,2019,10323254.0,33355982.0,3.23,587,1625,2.77
463,Japão,2019,153.0,1429.0,9.34,40621,99642,2.45
464,Líbano,2019,21836.0,167358.0,7.66,0,0,0.0
465,Luxemburgo,2019,0.0,0.0,0.0,1666,11211,6.73
466,México,2019,646.0,3927.0,6.08,4,4,1.0
467,Montenegro,2019,1701.0,5440.0,3.2,9,46,5.11
468,Noruega,2019,0.0,0.0,0.0,628,3139,5.0
469,Nova Zelândia,2019,133179.0,776830.0,5.83,500,2832,5.66
470,Panamá,2019,17.0,96.0,5.65,7918,29017,3.66
471,Peru,2019,0.0,0.0,0.0,9755,17310,1.77
472,Porto Rico,2019,21.0,115.0,5.48,0,0,0.0
473,Portugal,2019,18228699.0,51444189.0,2.82,18328,72413,3.95
474,Reino Unido,2019,4819.0,46623.0,9.67,34295,164592,4.8
475,Rússia,2019,0.0,0.0,0.0,0,0,0.0
476,Suíça,2019,4510.0,63619.0,14.11,2223,28503,12.82
477,"Tcheca, República",2019,0.0,0.0,0.0,2115,16391,7.75
478,Tunísia,2019,0.0,0.0,0.0,0,0,0.0
479,Turquia,2019,0.0,0.0,0.0,115,209,1.82
480,Uruguai,2019,2778244.0,7938059.0,2.86,6180,18497,2.99
481,Argentina,2020,22610267.0,66322932.0,2.93,1015,4176,4.11
482,Austrália,2020,212595.0,792051.0,3.73,1013,3413,3.37
483,Áustria,2020,6540.0,52348.0,8.0,0,0,0.0
484,Bélgica,2020,0.0,0.0,0.0,3166,20460,6.46
485,Bolívia,2020,0.0,0.0,0.0,9900,16025,1.62
486,Bósnia-Herzegovina,2020,1218.0,902.0,0.74,45,52,1.16
487,Brasil,2020,4347.0,41213.0,9.48,0,0,0.0
488,Bulgária,2020,23110.0,58319.0,2.52,0,0,0.0
489,Chile,2020,72726186.0,176540499.0,2.43,11,13,1.18
490,China,2020,0.0,0.0,0.0,122253,363000,2.97
491,Croácia,2020,0.0,0.0,0.0,21,123,5.86
492,Espanha,2020,7169384.0,19802061.0,2.76,28,126,4.5
493,Estados Unidos,2020,366584.0,2119234.0,5.78,300178,610793,2.03
494,França,2020,5658139.0,24894394.0,4.4,12622,57144,4.53
495,Grécia,2020,61181.0,219292.0,3.58,6859,18092,2.64
496,Hong Kong,2020,311.0,2776.0,8.93,15159,41987,2.77
497,Hungria,2020,5254.0,25250.0,4.81,0,0,0.0
498,Irlanda,2020,0.0,0.0,0.0,29,257,8.86
499,Itália,2020,9659999.0,32477890.0,3.36,91,376,4.13
500,Japão,2020,0.0,0.0,0.0,36442,92674,2.54
501,Líbano,2020,12384.0,45908.0,3.71,0,0,0.0
502,Luxemburgo,2020,0.0,0.0,0.0,1086,5110,4.71
503,México,2020,33.0,181.0,5.48,24,226,9.42
504,Montenegro,2020,0.0,0.0,0.0,9,20,2.22
505,Noruega,2020,0.0,0.0,0.0,1859,15134,8.14
506,Nova Zelândia,2020,15372.0,89763.0,5.84,95,515,5.42
507,Panamá,2020,0.0,0.0,0.0,10821,28372,2.62
508,Peru,2020,0.0,0.0,0.0,0,0,0.0
509,Porto Rico,2020,54.0,1090.0,20.19,0,0,0.0
510,Portugal,2020,23627260.0,66353572.0,2.81,7958,34518,4.34
511,Reino Unido,2020,2586.0,22935.0,8.87,22913,82722,3.61
512,Rússia,2020,0.0,0.0,0.0,1463,8550,5.84
513,Suíça,2020,735.0,5848.0,7.96,2827,27930,9.88
514,"Tcheca, República",2020,0.0,0.0,0.0,563,4805,8.53
515,Tunísia,2020,0.0,0.0,0.0,0,0,0.0
516,Turquia,2020,17563.0,55039.0,3.13,0,0,0.0
517,Uruguai,2020,4079076.0,10146829.0,2.49,0,0,0.0
518,Argentina,2021,26869241.0,79527959.0,2.96,6,13,2.17
519,Austrália,2021,366875.0,1383093.0,3.77,705,4034,5.72
520,Áustria,2021,13427.0,141822.0,10.56,0,0,0.0
521,Bélgica,2021,0.0,0.0,0.0,483,3749,7.76
522,Bolívia,2021,0.0,0.0,0.0,5850,8360,1.43
523,Bósnia-Herzegovina,2021,0.0,0.0,0.0,0,0,0.0
524,Brasil,2021,12602.0,39816.0,3.16,31,46,1.48
525,Bulgária,2021,34185.0,105623.0,3.09,0,0,0.0
526,Chile,2021,69617587.0,182568098.0,2.62,26,6,0.23
527,China,2021,0.0,0.0,0.0,61884,264116,4.27
528,Croácia,2021,17343.0,78954.0,4.55,0,0,0.0
529,Espanha,2021,8793911.0,23795616.0,2.71,0,0,0.0
530,Estados Unidos,2021,506405.0,2809649.0,5.55,111085,203554,1.83
531,França,2021,6241310.0,31428188.0,5.04,7052,23742,3.37
532,Grécia,2021,13619.0,55228.0,4.06,908,3014,3.32
533,Hong Kong,2021,0.0,0.0,0.0,12507,39390,3.15
534,Hungria,2021,20174.0,160816.0,7.97,87,583,6.7
535,Irlanda,2021,0.0,0.0,0.0,36,208,5.78
536,Itália,2021,11231625.0,39852162.0,3.55,696,3715,5.34
537,Japão,2021,0.0,0.0,0.0,39491,90275,2.29
538,Líbano,2021,24194.0,78872.0,3.26,0,0,0.0
539,Luxemburgo,2021,0.0,0.0,0.0,0,0,0.0
540,México,2021,4.0,19.0,4.75,9,2,0.22
541,Montenegro,2021,0.0,0.0,0.0,14,65,4.64
542,Noruega,2021,0.0,0.0,0.0,1878,8320,4.43
543,Nova Zelândia,2021,21995.0,137547.0,6.25,657,10477,15.95
544,Panamá,2021,0.0,0.0,0.0,29520,48444,1.64
545,Peru,2021,0.0,0.0,0.0,9720,17107,1.76
546,Porto Rico,2021,0.0,0.0,0.0,0,0,0.0
547,Portugal,2021,25925363.0,75668823.0,2.92,6358,42633,6.71
548,Reino Unido,2021,1164.0,9357.0,8.04,25316,122394,4.83
549,Rússia,2021,32179.0,64905.0,2.02,181931,312926,1.72
550,Suíça,2021,7.0,157.0,22.43,627,6999,11.16
551,"Tcheca, República",2021,225.0,5528.0,24.57,456,5988,13.13
552,Tunísia,2021,0.0,0.0,0.0,0,0,0.0
553,Turquia,2021,0.0,0.0,0.0,343,878,2.56
554,Uruguai,2021,3788831.0,10063341.0,2.66,136774,149842,1.1
555,Argentina,2022,27980574.0,87519642.0,3.13,480,3232,6.73
556,Austrália,2022,579279.0,1590059.0,2.74,1424,12299,8.64
557,Áustria,2022,7403.0,53974.0,7.29,6,212,35.33
558,Bélgica,2022,0.0,0.0,0.0,828,6145,7.42
559,Bolívia,2022,0.0,0.0,0.0,32530,49011,1.51
560,Bósnia-Herzegovina,2022,0.0,0.0,0.0,0,0,0.0
561,Brasil,2022,1.0,5.0,5.0,2504,952,0.38
562,Bulgária,2022,29929.0,43221.0,1.44,5,31,6.2
563,Chile,2022,68881232.0,184335335.0,2.68,2094,7986,3.81
564,China,2022,0.0,0.0,0.0,105395,404647,3.84
565,Croácia,2022,887.0,35563.0,40.09,34,484,14.24
566,Espanha,2022,6487047.0,17187749.0,2.65,0,0,0.0
567,Estados Unidos,2022,393211.0,3023220.0,7.69,220373,447893,2.03
568,França,2022,4911903.0,25955232.0,5.28,5694,25008,4.39
569,Grécia,2022,45440.0,148515.0,3.27,920,2426,2.64
570,Hong Kong,2022,0.0,0.0,0.0,9371,38218,4.08
571,Hungria,2022,29260.0,160168.0,5.47,0,0,0.0
572,Irlanda,2022,0.0,0.0,0.0,0,0,0.0
573,Itália,2022,9622119.0,33330465.0,3.46,1129,6151,5.45
574,Japão,2022,0.0,0.0,0.0,37324,82208,2.2
575,Líbano,2022,30149.0,182548.0,6.05,0,0,0.0
576,Luxemburgo,2022,0.0,0.0,0.0,36,802,22.28
577,México,2022,0.0,0.0,0.0,6,33,5.5
578,Montenegro,2022,0.0,0.0,0.0,0,0,0.0
579,Noruega,2022,0.0,0.0,0.0,2711,40316,14.87
580,Nova Zelândia,2022,52265.0,403597.0,7.72,63,156,2.48
581,Panamá,2022,0.0,0.0,0.0,11490,49392,4.3
582,Peru,2022,17861.0,84084.0,4.71,0,0,0.0
583,Porto Rico,2022,0.0,0.0,0.0,0,0,0.0
584,Portugal,2022,24108787.0,64795326.0,2.69,1918,7613,3.97
585,Reino Unido,2022,1655.0,19595.0,11.84,18835,138154,7.33
586,Rússia,2022,0.0,0.0,0.0,66046,118618,1.8
587,Suíça,2022,0.0,0.0,0.0,1584,20863,13.17
588,"Tcheca, República",2022,4950.0,12044.0,2.43,1305,9997,7.66
589,Tunísia,2022,0.0,0.0,0.0,0,0,0.0
590,Turquia,2022,22087.0,38817.0,1.76,418,503,1.2
591,Uruguai,2022,3394161.0,9867675.0,2.91,637117,997367,1.57
